{"cameraMode":{"drawMode":0,"name":"Shaded","section":"Shading Mode"},"sceneLighting":true,"audioPlay":false,"sceneViewState":{"m_AlwaysRefresh":false,"showFog":true,"showSkybox":true,"showFlares":true,"showImageEffects":true,"showParticleSystems":true,"showVisualEffectGraphs":true,"m_FxEnabled":true},"in2DMode":false,"pivot":{"x":-8.191732406616211,"y":4.362978935241699,"z":180.17507934570313},"rotation":{"x":0.09436323493719101,"y":0.29607173800468447,"z":-0.029407579451799394,"w":0.9500423669815064},"size":2.828415870666504,"orthographic":false}