{"cameraMode":{"drawMode":0,"name":"Shaded","section":"Shading Mode"},"sceneLighting":true,"audioPlay":false,"sceneViewState":{"m_AlwaysRefresh":false,"showFog":true,"showSkybox":true,"showFlares":true,"showImageEffects":true,"showParticleSystems":true,"showVisualEffectGraphs":true,"m_FxEnabled":true},"in2DMode":false,"pivot":{"x":5.9999775886535648,"y":0.9549556970596314,"z":185.73086547851563},"rotation":{"x":0.09436323493719101,"y":0.29607173800468447,"z":-0.029407579451799394,"w":0.9500423669815064},"size":0.8660253882408142,"orthographic":false}