{"cameraMode":{"drawMode":0,"name":"Shaded","section":"Shading Mode"},"sceneLighting":true,"audioPlay":false,"sceneViewState":{"m_AlwaysRefresh":false,"showFog":true,"showSkybox":true,"showFlares":true,"showImageEffects":true,"showParticleSystems":true,"showVisualEffectGraphs":true,"m_FxEnabled":true},"in2DMode":false,"pivot":{"x":-7.152557373046875e-7,"y":1.2734298706054688,"z":0.7307530641555786},"rotation":{"x":0.2326325625181198,"y":-0.4463695287704468,"z":0.12137679755687714,"w":0.8555182218551636},"size":3.9759445190429689,"orthographic":false}