{"cameraMode":{"drawMode":0,"name":"Shaded","section":"Shading Mode"},"sceneLighting":true,"audioPlay":false,"sceneViewState":{"m_AlwaysRefresh":false,"showFog":true,"showSkybox":true,"showFlares":true,"showImageEffects":true,"showParticleSystems":true,"showVisualEffectGraphs":true,"m_FxEnabled":true},"in2DMode":false,"pivot":{"x":-163.53453063964845,"y":-141.37928771972657,"z":141.05978393554688},"rotation":{"x":0.23597955703735352,"y":-0.4658050835132599,"z":0.13042126595973969,"w":0.8428119421005249},"size":201.20237731933595,"orthographic":false}