{"cameraMode":{"drawMode":0,"name":"Shaded","section":"Shading Mode"},"sceneLighting":true,"audioPlay":false,"sceneViewState":{"m_AlwaysRefresh":false,"showFog":true,"showSkybox":true,"showFlares":true,"showImageEffects":true,"showParticleSystems":true,"showVisualEffectGraphs":true,"m_FxEnabled":true},"in2DMode":false,"pivot":{"x":2.2023673057556154,"y":0.9085434675216675,"z":1.5918534994125367},"rotation":{"x":0.10863762348890305,"y":-0.678961992263794,"z":0.10261573642492295,"w":0.7188088297843933},"size":3.2435407638549806,"orthographic":false}